<?xml version="1.0" encoding="UTF-8"?>
<project-private xmlns="http://www.netbeans.org/ns/project-private/1">
    <editor-bookmarks xmlns="http://www.netbeans.org/ns/editor-bookmarks/2" lastBookmarkId="0"/>
    <open-files xmlns="http://www.netbeans.org/ns/projectui-open-files/2">
        <group>
            <file>file:/C:/Users/Lenovo/Documents/NetBeansProjects/Proyecto1/src/Punto1/Punto1.java</file>
            <file>file:/C:/Users/Lenovo/Documents/NetBeansProjects/Proyecto1/src/Punto3/Punto3.java</file>
            <file>file:/C:/Users/Lenovo/Documents/NetBeansProjects/Proyecto1/src/Punto5/Punto5.java</file>
            <file>file:/C:/Users/Lenovo/Documents/NetBeansProjects/Proyecto1/src/punto2/Punto2.java</file>
            <file>file:/C:/Users/Lenovo/Documents/NetBeansProjects/Proyecto1/src/Punto4/Punto4.java</file>
        </group>
    </open-files>
</project-private>
